series,id,wk,zh,zh_hl,en,diff,diff_icon,diff_txt,d1,d2,d3,d4,g1,g2,g3a,g3a_num1,g3a_num2,g3b,g3b_num1,g3b_num2,g4,key,sub
STOCK,STOCK-001,股市基礎・一家公司怎麼把自己切塊賣給你,股票,股票,Stock / Share,easy,🌱,入門,📊,💰,🏢,⚠️,持有公司的所有權憑證,公司賺錢你分紅，虧損你承擔,台積電股本,2593億,,= 發行,259億,張股票,股價會漲也會跌，沒有底線保護,買股票就是買公司一部份・漲跌都是你的,股票是持有一家公司所有權的憑證。公司賺錢你分紅，公司虧錢你也要承擔。買股票不只是在追數字，你是真正的股東，公司的好壞和你直接相關。
STOCK,STOCK-002,股市基礎・一家公司怎麼把自己切塊賣給你,股份,股份,Share,easy,🌱,入門,🍕,👥,📐,⚠️,公司所有權切成無數等份，每份一股,持有越多股份，擁有公司比例越高,公司切成,1億,股,你買,1萬,股 = 0.01%,股份多不代表實際控制權，要過半才算,公司像披薩・股份就是切開的每一片,股份就是把公司所有權切成無數等份，每一份叫做一股。你買越多股份，擁有這家公司的比例就越高。就像披薩切成100片，你買了1片，你就擁有這塊披薩的1%。
STOCK,STOCK-003,股市基礎・一家公司怎麼把自己切塊賣給你,股本,股本,Capital Stock,easy,🌱,入門,🏗️,📦,🔢,⚠️,公司發行所有股票的總面額金額,股本越大EPS越難拉高，股價越難漲,股本,10億元,,= 發行,1億,股（面額10元）,股本膨脹稀釋EPS，不是越大越好,股本是發行規模・台灣每股面額固定10元,股本是公司發行所有股票的總面額金額。台灣股票每股面額固定10元，股本10億元就代表發行了1億股。股本越大，每股盈餘就越難提高，股價也越難大漲。
STOCK,STOCK-004,股市基礎・一家公司怎麼把自己切塊賣給你,股票面額,面額,Par Value,easy,🌱,入門,🏷️,📏,💲,⚠️,股票發行的票面金額，台灣固定10元,面額和市價無關，市價可遠高於面額,面額,10元,,市價可能,500元,或 8元,面額只是計算股本用的，不代表真實價值,面額10元是固定的・市價是市場決定的,台灣股票的面額統一是10元，這是計算股本用的基準，和股票的市場價格完全無關。市價可能是500元，也可能是8元。面額不代表股票的真實價值，千萬不要混淆。
STOCK,STOCK-005,股市基礎・一家公司怎麼把自己切塊賣給你,市值,市值,Market Cap,easy,🌱,入門,🌍,💹,🔢,⚠️,股價乘以總股數，是市場對公司的估值,市值越大，公司在市場眼中越有份量,股價,100元,× 10億股,= 市值,1000億元,,市值高不代表公司好，要看估值指標,市值是市場給公司的估價・每天都在變動,市值就是股價乘以總股數，代表市場現在認為這家公司值多少錢。股價100元乘以10億股，市值就是1000億元。市值每天隨股價波動，是觀察公司規模最直觀的數字。
STOCK,STOCK-006,股市基礎・一家公司怎麼把自己切塊賣給你,股價,股價,Stock Price,easy,🌱,入門,📈,🎯,⚖️,⚠️,市場上買賣雙方成交的價格,反映市場對公司未來獲利的預期,昨收,100元,,今天成交,105元,→ 漲5%,短期受情緒影響，長期才反映真實價值,股價是買賣雙方的共識・不等於真實價值,股價是市場上買賣雙方成交的價格，反映大家對這家公司未來的預期。短期股價受情緒、消息、市場氣氛影響，不一定等於公司的真實價值。長期持有，股價才會慢慢回歸基本面。
STOCK,STOCK-007,股市基礎・漲跌停之間你的心在哪裡,漲幅,漲幅,Price Increase Rate,easy,🌱,入門,📈,😊,🔢,⚠️,股價上漲的<b>百分比</b>幅度,漲得多帳面賺得多，但風險也跟著高,買進,一百元,,漲到,一百一十元,漲幅等於一成,追高漲幅大的股票往往買在最高點,漲幅是結果・追漲是最危險的投資習慣,今天來聊漲幅。很多人看到一檔股票漲了三成、五成，就心癢癢想衝進去買。但你有沒有想過，你看到這個漲幅的時候，其實別人已經賺到了。漲幅是一個結果，不是一個理由。追高漲幅大的股票，你買在的往往是別人獲利出場的位置。我自己這些年觀察下來，散戶最常見的虧損來源，就是看到漲才進場。記住，漲幅高不等於還會繼續漲，要冷靜評估背後的原因。
STOCK,STOCK-008,股市基礎・漲跌停之間你的心在哪裡,跌幅,跌幅,Price Decrease Rate,easy,🌱,入門,📉,😰,🔢,⚠️,股價下跌的<b>百分比</b>幅度,跌得多帳面賠得多，恐慌出場常是最壞時機,買進,一百元,,跌到,九十元,跌幅等於一成,看到大跌恐慌賣出往往賣在最低點,跌幅是壓力測試・恐慌殺出是散戶最貴的學費,跌幅這個詞，很多人一看到就心跳加速。股票跌了一成、兩成，第一個反應是想趕快賣掉止血。但問題是，恐慌賣出的時機，往往剛好是最低點附近。賣完之後股價反彈，又後悔沒有撐住。這種循環我見過太多次了。跌幅大不一定代表還會繼續跌，重點是你要先搞清楚，這個跌是基本面出問題，還是市場情緒造成的短暫恐慌。兩種情況，應對方式完全不同。
STOCK,STOCK-009,股市基礎・漲跌停之間你的心在哪裡,漲停板,漲停,Limit Up,easy,🌱,入門,🚀,🔒,📏,⚠️,股價單日最高<b>上漲極限</b>，台灣為一成,漲停讓人興奮，但明天不保證繼續漲,昨收,一百元,,今日漲停,一百一十元,漲幅等於一成,連續漲停後追買風險極高，要特別謹慎,漲停是單日上限・不代表明天繼續漲,台灣股票每天漲跌幅度最多一成，漲停就是當天的上限。看到漲停，很多人第一個反應是「明天一定繼續漲」，然後隔天追買。但事實是，漲停隔天繼續漲停的比例並沒有你想像的高。主力有時候就是讓股票漲停，吸引散戶追進，然後隔天高開低走，讓追高的人套住。漲停之後的走勢充滿不確定性，沒有做足功課就追買漲停，風險是非常高的。
STOCK,STOCK-010,股市基礎・漲跌停之間你的心在哪裡,跌停板,跌停,Limit Down,easy,🌱,入門,🔻,🔒,📏,⚠️,股價單日最大<b>下跌極限</b>，台灣為一成,跌停提供緩衝，但也可能讓人出不了場,昨收,一百元,,今日跌停,九十元,跌幅等於一成,跌停時流動性差，想賣也賣不掉要小心,跌停是單日下限・出現時要冷靜評估原因,跌停板是台灣股市的保護機制，一天最多跌一成，讓市場有時間消化壞消息。但跌停也有一個很現實的問題，就是想賣的人很多、想買的人很少，有時候根本出不了場。如果你手上有股票跌停，不要光想著要趕快賣，先冷靜下來搞清楚跌停的原因。是突發的壞消息還是公司出了根本性的問題？原因不同，應對策略完全不一樣。跌停不是世界末日，但要理性面對。
STOCK,STOCK-011,股市基礎・漲跌停之間你的心在哪裡,多頭市場,多頭,Bull Market,easy,🌱,入門,🐂,📈,😄,⚠️,股價長期<b>持續上漲</b>的市場環境,多頭讓人覺得投資很容易，最容易過度自信,大盤指數,持續上漲,,持續,六個月,以上稱多頭,多頭末期最危險，人人樂觀時要開始謹慎,多頭讓人賺錢・但也讓人忘記風險的存在,多頭市場就是股價長期往上走的環境，大家都在賺錢、信心滿滿。聽起來很美好，但多頭市場其實是最危險的時候。為什麼？因為賺錢太容易，人就容易忘記風險。我見過很多投資朋友，在多頭裡賺了錢，以為自己很厲害，開始加大部位、甚至借錢投資。等到多頭結束，才知道那段時間的獲利根本不是靠能力，是靠運氣。多頭時越賺，越要保持謹慎的心態。
STOCK,STOCK-012,股市基礎・漲跌停之間你的心在哪裡,空頭市場,空頭,Bear Market,easy,🌱,入門,🐻,📉,😰,⚠️,股價長期<b>持續下跌</b>的市場環境,空頭讓人虧損，但也是累積好資產的機會,大盤指數,持續下跌,,超過,兩成,以上稱空頭,空頭中融資追價是最危險的事,空頭讓人恐懼・但往往孕育下一個多頭機會,空頭市場是股價長期往下走的環境，悲觀情緒到處蔓延，新聞天天都是壞消息。很多人在空頭中賠錢、喪失信心，最後在最低點附近認賠出場。但你知道嗎，歷史上每一次空頭之後，都迎來了下一個多頭。空頭不是終點，而是重新累積好資產的機會。當然前提是你要保留足夠的現金和信心。空頭中千萬不能融資追買，那才是真正的危險。
STOCK,STOCK-013,股市基礎・配股配息那天錢真的變多了嗎,除權,除權,Ex-Rights,easy,🌱,入門,✂️,📉,🔄,⚠️,除去<b>配股權利</b>的基準日，股價同步調整,除權當天股價會下降，不是跌了是調整基準,配股,一股送零點一股,,除權後股價,從一百元,調降至約九十一元,除權不是跌，是還原股票股利的基準,除權是調整基準・股票數量增加但價值不變,除權這個詞，很多投資新手第一次遇到都嚇一跳，覺得自己的股票怎麼突然跌了一大截。其實除權不是跌，是基準的調整。公司配了股票股利給你，股價就要對應扣掉那個價值，不然帳面上就不平衡了。你的股票數量增加了，但每股價格也降了，總市值其實沒有馬上變化。真正重要的是之後股價有沒有辦法回升，也就是能不能填權，那才是決定你有沒有賺到的關鍵。
STOCK,STOCK-014,股市基礎・配股配息那天錢真的變多了嗎,除息,除息,Ex-Dividend,easy,🌱,入門,💸,📉,🔄,⚠️,除去<b>配息權利</b>的基準日，股價同步調整,除息當天股價下降等於現金股利先從股價扣掉,現金股利,每股五元,,除息後股價,從一百元,調降至九十五元,拿到現金股利但股價也降了，不是白賺,除息是扣掉現金股利・填息才算真正賺到,除息和除權很像，但發的是現金不是股票。公司每股配了五元現金給你，當天股價就從一百元降到九十五元。很多人覺得自己拿到五元現金很開心，但股票也少了五元，所以這一天其實沒有賺到任何東西。真正賺到是要等股價從九十五元漲回一百元，這叫做填息。如果股價一直填不回來，甚至繼續下跌，那你的現金股利其實是用資本損失換來的。
STOCK,STOCK-015,股市基礎・配股配息那天錢真的變多了嗎,配股,配股,Stock Dividend,easy,🌱,入門,📦,🔢,📊,⚠️,公司將保留盈餘轉換成<b>股票</b>發放給股東,股票變多了，但每股價值被稀釋，不一定划算,持有,一千股,,配股一成後變成,一千一百股,單價同步下調,股票數量增加但EPS被稀釋，要看清楚,配股讓股票變多・但每股價值同步被稀釋,配股是公司把盈餘轉成股票發給股東，聽起來很好，股票變多了嘛。但要想清楚一件事：股票變多，每股的價值就被稀釋了。本來一千股，配股一成變成一千一百股，但每股價格也同步下調。如果公司的獲利沒有跟著成長，每股盈餘就會變小，長期對股價是不利的。所以不是配股越多越好，要看公司配股的資金有沒有用在真正能創造獲利的地方。
STOCK,STOCK-016,股市基礎・配股配息那天錢真的變多了嗎,配息,配息,Cash Dividend,easy,🌱,入門,💰,💵,😊,⚠️,公司將盈餘以<b>現金</b>方式發放給股東,直接拿到現金最直觀，但股價同步扣除,持有,一千股,,每股配息,五元,共拿到五千元現金,配息後股價下降，不是真的多賺了五千元,配息拿到現金・但股價同時扣掉這筆錢,配息是最直觀的股利方式，錢直接進你的帳戶，感覺很踏實。持有一千股、每股配五元，帳戶多了五千元，很開心對不對。但要記住，當天股價也降了五元，你的股票市值少了五千元。一加一減，這一天你的總資產並沒有增加。真正的獲利，是要等到股價填息回到除息前的水位。所以不要只看到拿到多少現金，更要關注公司有沒有能力讓股價持續回升。
STOCK,STOCK-017,股市基礎・配股配息那天錢真的變多了嗎,現金股利,現金股利,Cash Dividend Per Share,easy,🌱,入門,💵,📋,💲,⚠️,公司宣告每股發放的<b>現金金額</b>,殖利率高不代表一定好，要看能不能持續配,股價,一百元,,現金股利,五元,殖利率五%,高殖利率陷阱是配了息但股價持續下跌,現金股利是直接收益・但要看公司能否持續獲利,現金股利就是每股能拿到的現金金額，也是我們計算殖利率的基礎。股價一百元、現金股利五元，殖利率就是五%。聽起來不錯，但有一個陷阱要特別注意，叫做高殖利率陷阱。就是股價因為公司獲利下滑而一直跌，殖利率反而因此算出來很高。這種公司，今年配得出來，明年不一定配得出來。所以看現金股利，不能只看金額，更要看公司有沒有穩定持續的獲利能力來支撐。
STOCK,STOCK-018,股市基礎・配股配息那天錢真的變多了嗎,股票股利,股票股利,Stock Dividend Per Share,easy,🌱,入門,📜,📦,🔢,⚠️,公司宣告每股發放的<b>股票張數</b>比例,股票股利讓股本膨脹，EPS變難看，股價更難漲,持有,一張一千股,,配股一成換成,一千一百股,單價同步調整,股本膨脹是雙面刃，大公司配股要更謹慎,股票股利讓股票變多・但EPS同步被稀釋,股票股利就是公司以發股票的方式來回饋股東，配股一成代表你每一千股可以多拿到一百股。很多投資人看到股票變多很開心，但冷靜想一下：公司發出去這麼多股票，股本跟著膨脹，每股盈餘就被稀釋了。對一家持續高速成長的公司來說還好，因為獲利增速夠快。但如果是一家成長緩慢的公司，股本一直膨脹，EPS越來越難看，股價長期就很難有表現。配股不等於好事，要看公司的成長能力。
STOCK,STOCK-019,股市基礎・你的錢怎麼進股市又怎麼跑回來,證券戶,證券戶,Securities Account,easy,🌱,入門,🏦,📋,💳,⚠️,買賣股票的<b>專屬帳戶</b>，投資第一步,沒有證券戶就無法在台灣買賣股票,開戶需要,身分證,,加上,印章,即可到券商辦理,網路開戶方便但要確認券商資格,證券戶是進入股市的門票・選對券商很重要,證券戶是你進入股票市場的第一道門。沒有證券戶，你就沒有辦法在台灣買賣股票。現在開戶很方便，很多券商都可以線上完成，不用跑去實體門市。但開戶前有一件事很重要，就是選擇哪一家券商。手續費的折扣、交易系統的穩不穩定、客服品質好不好，這些都會影響你之後每天的投資體驗。不要隨便挑一家就開，貨比三家，選一個適合自己交易習慣的券商，這是投資起步很重要的一步。
STOCK,STOCK-020,股市基礎・你的錢怎麼進股市又怎麼跑回來,交割帳戶,交割戶,Settlement Account,easy,🌱,入門,🏧,💸,🔗,⚠️,買賣股票時<b>收付款項</b>的銀行帳戶,買股票的錢從這裡扣，賣股票的錢存進來,買股票,十萬元,,交割日,T加二,從帳戶扣款,帳戶餘額不足會違約交割，後果嚴重,交割戶是股票的金流樞紐・要保持足夠餘額,交割帳戶就是你買賣股票時，款項進出的那個銀行帳戶。買了股票，錢從這裡扣走；賣了股票，錢進到這裡來。聽起來很簡單，但有一個地方很多新手會踩到坑，就是帳戶裡沒有足夠的錢。台灣股票是T加二交割，你今天買的股票，後天才扣款。有些人以為今天買、今天要有錢，其實是後天。但也不能因為這樣就輕忽，帳戶餘額一定要在交割日前備妥，不然就會發生違約交割，後果很嚴重。
STOCK,STOCK-021,股市基礎・你的錢怎麼進股市又怎麼跑回來,集保帳戶,集保,Central Depository Account,easy,🌱,入門,🗄️,📦,🔐,⚠️,存放你持有<b>股票憑證</b>的電子帳戶,股票全面電子化，集保帳戶就是你的股票倉庫,買進,一張台積電,,股票存入,集保帳戶,電子化保管,股票存在集保不需要實體股票，安全便利,集保帳戶是你的股票倉庫・電子化安全保管,集保帳戶是存放你股票的電子倉庫，由台灣集中保管結算所負責管理。以前股票是一張一張的紙，很容易遺失或被盜，現在全面電子化了，你買進的股票自動存入集保帳戶，安全又方便。你可以透過券商的系統查看自己在集保裡有哪些股票、各持有多少股。這個制度大幅提升了台灣股市的安全性，也讓交易更有效率。雖然感覺比較虛，但其實比實體股票安全多了。
STOCK,STOCK-022,股市基礎・你的錢怎麼進股市又怎麼跑回來,入金,入金,Fund Deposit,easy,🌱,入門,💰,➡️,🏦,⚠️,將資金<b>匯入</b>交割帳戶備用,資金到位才能順利買股，不能臨時才想到,預計買,十萬元股票,,交割前要有,十萬元,在帳戶,入金時間點要注意，避免資金未到就下單,入金要提前準備・確保交割日前資金到位,入金就是把資金匯入你的交割帳戶，讓你有錢可以買股票。這個步驟看起來很簡單，但很多新手會忽略一個細節，就是跨行匯款的時間差。不同銀行之間的匯款，有時候要幾個小時甚至隔天才會到帳。如果你今天下午才想到要入金、明天就要買股票，錢可能還沒到。建議養成習慣，計劃好要買股票的時候，提前一天就把錢匯進去，確保交割日前資金一定在帳戶裡，避免不必要的風險。
STOCK,STOCK-023,股市基礎・你的錢怎麼進股市又怎麼跑回來,T加二交割,T加二,T+2 Settlement,easy,🌱,入門,📅,⏱️,💸,⚠️,成交日後<b>第二個營業日</b>完成款項交割,買股要提前備妥資金，賣股兩天後才收到錢,週一買股,成交日,,週三,T加二,完成交割扣款,賣股兩天後才收到錢，急需資金要提前規劃,T加二是股票交割時間表・資金規劃要配合,T加二交割是台灣股市的基本規則，買了股票不是當天就扣款，而是成交日後第二個營業日才完成款項的交割。週一買的股票，週三才扣款；週一賣的股票，週三才收到錢。這個時間差很重要，如果你賣了股票急著要用錢，記得要考慮這兩天的等待時間。很多新手不清楚這個規則，以為賣掉股票馬上有錢可以用，結果資金調度出了問題。了解T加二，才能正確規劃你的投資資金。
STOCK,STOCK-024,股市基礎・你的錢怎麼進股市又怎麼跑回來,違約交割,違約,Default,easy,🌱,入門,🚨,❌,📋,⚠️,交割日<b>帳戶餘額不足</b>，無法完成交割,違約交割會影響信用，嚴重可能被停止交易,買了,十萬元股票,,交割日帳戶只有,五萬元,發生違約,違約後果很嚴重，券商會強制處分股票,違約交割是投資大忌・後果影響深遠要謹慎,違約交割是投資最不能碰的大忌之一。你買了股票，但到了交割日帳戶裡的錢不夠，無法完成付款，就叫做違約交割。後果非常嚴重。券商會強制把你的股票賣掉，同時在金融機構留下不良記錄，嚴重的情況甚至會被停止交易資格。很多人以為這種事不會發生在自己身上，但有時候是因為沒注意T加二的時間差，或者資金調度不當就踩到了。進入股市之前，一定要把這個基本觀念搞清楚，保護自己的信用記錄。
STOCK,STOCK-025,股市基礎・下單這件事沒你想的那麼簡單,限價委託,限價單,Limit Order,easy,🌱,入門,🎯,💲,⏳,⚠️,指定<b>價格</b>才成交的委託方式,可以控制買賣價格，但不保證一定成交,設定買入價,一百元,,市價高於,一百元,就不成交,急著買賣時用限價單可能錯過時機,限價單能控制價格・但不保證一定成交,限價委託是你指定一個價格，只有在這個價格或者更好的條件才會成交。買股票設一百元限價，市價如果漲到一百零一元就不成交，幫你控制買進成本。聽起來很安全，但有一個代價，就是不保證一定買得到。如果股票一直在漲、價格回不來，你就可能因此錯過機會。限價單適合不急著成交、願意等待特定價位的投資人。如果你很急著要買，就要考慮是否用市價單，這中間有取捨。
STOCK,STOCK-026,股市基礎・下單這件事沒你想的那麼簡單,市價委託,市價單,Market Order,easy,🌱,入門,⚡,💹,🎯,⚠️,以<b>當下市場價格</b>立即成交的委託,保證成交但無法控制實際成交價格,急著買進,股票,,以當下,市價,立即成交,市場波動大時市價單可能成交在不好的價格,市價單保證成交・但成交價格由市場決定,市價委託就是不指定價格，以當下市場最好的價格立刻成交。最大的優點是保證買得到或賣得掉，不用擔心掛單掛在那裡等不到。但缺點也很明顯，你無法控制實際的成交價格。在市場平穩的時候這個差異不大，但如果碰到行情波動劇烈，市價單的成交價可能跟你預期差很多。所以市價單適合在需要快速成交、不在乎幾毛錢差異的情況下使用，不適合在股票劇烈震盪時用。
STOCK,STOCK-027,股市基礎・下單這件事沒你想的那麼簡單,ROD,ROD,Rest of Day,easy,🌱,入門,📅,⏰,🔄,⚠️,委託<b>當日有效</b>，收盤前未成交自動取消,最常用的委託效期，適合一般交易情境,下單,限價委託,,當日收盤前,未成交,自動取消,隔天要再次下單，不會自動延續到次日,ROD是最常用效期・當日未成交就結束,ROD是Rest of Day的縮寫，意思是當日有效。你掛了一個限價委託，如果在今天收盤之前沒有成交，這筆委託就自動取消，不會保留到明天。這是台灣股市最常用的委託效期設定，也是大多數投資人最習慣用的方式。要注意的是，如果今天沒買到，明天想繼續等同樣的價格，你需要重新下單。系統不會幫你自動延續，這個細節很多新手會忘記。
STOCK,STOCK-028,股市基礎・下單這件事沒你想的那麼簡單,IOC,IOC,Immediate or Cancel,easy,🌱,入門,⚡,✅,❌,⚠️,立即成交否則<b>立刻取消</b>的委託,適合搶快速行情，不願意等待的交易情境,下單後,立即撮合,,未成交部分,立刻,取消,行情快速時IOC可避免掛單後價格跑掉,IOC立即成交或取消・適合搶快速行情,IOC是Immediate or Cancel的縮寫，立即成交或立刻取消。你送出委託後，系統馬上去撮合，能成交多少就成交多少，剩下沒成交的部分立刻取消，不會留在市場上繼續等。這種方式適合在行情快速變動的時候使用，你不想讓委託掛在那裡等，怕等太久價格跑掉了。IOC讓你更主動控制委託的生命週期，比ROD更靈活，但也比較進階，新手要先了解清楚再使用。
STOCK,STOCK-029,股市基礎・下單這件事沒你想的那麼簡單,FOK,FOK,Fill or Kill,easy,🌱,入門,🎯,✅,❌,⚠️,<b>全部成交</b>否則全部取消的委託,適合需要一次買足特定數量的交易情境,下單買,十張,,無法全部成交就,全部,取消,部分成交不符合需求時才使用FOK,FOK全部成交或全部取消・最嚴格的條件,FOK是Fill or Kill，全部成交或全部取消。這是比IOC更嚴格的條件。你下單要買十張，如果市場上只有五張可以撮合，FOK不會讓你先買五張，而是整筆委託全部取消。只有在你明確需要一次買足特定數量、不接受部分成交的情況下，才需要用到FOK。一般散戶日常交易很少用到這個設定，但了解它的運作邏輯，對你理解整個委託系統是有幫助的。
STOCK,STOCK-030,股市基礎・下單這件事沒你想的那麼簡單,成交回報,成交回報,Trade Confirmation,easy,🌱,入門,📩,✅,📋,⚠️,委託<b>成交後</b>系統發送的確認通知,成交回報是確認買賣完成的依據，要仔細核對,下單後,系統發送,,成交價格,數量,時間通知,成交回報要核對價格和數量，發現錯誤立即聯繫,成交回報是交易憑證・核對內容確保正確,成交回報是委託成交之後，系統發出的確認通知，告訴你這筆交易在什麼時間、用什麼價格、成交了多少張。很多人收到回報之後隨手滑過去就算了，但這其實是一個很重要的核對步驟。成交的價格對不對、數量符不符合你的預期，要仔細確認。如果發現有任何異常，要立刻聯繫券商處理，拖得越久越麻煩。養成每次交易後確認成交回報的習慣，是一個好的投資紀律。
STOCK,STOCK-031,股市基礎・買賣股票要付多少錢給市場,手續費,手續費,Brokerage Fee,easy,🌱,入門,💸,📊,🧾,⚠️,每次買賣股票支付給<b>券商</b>的費用,手續費是確定的投資成本，頻繁交易會大幅侵蝕獲利,交易金額,十萬元,,手續費,千分之一點四二五,最高約一百四十二元,網路下單可折扣，短線交易者要特別注意成本,手續費是固定成本・買賣各付一次不能省,手續費是每次買賣股票支付給券商的費用，法定上限是交易金額的千分之一點四二五。買進付一次、賣出再付一次，一來一回就是千分之二點八五的成本。現在很多券商提供網路下單折扣，可以打到三到六折不等。但即使有折扣，頻繁交易的人累積下來的手續費還是很可觀的。我常說，手續費是投資裡最確定的成本，不管你賺不賺，這筆錢一定要付。短線交易者一定要把這個計算進去。
STOCK,STOCK-032,股市基礎・買賣股票要付多少錢給市場,證交稅,證交稅,Securities Transaction Tax,easy,🌱,入門,🏛️,💸,📋,⚠️,賣出股票時繳給<b>政府</b>的稅，千分之三,只有賣出才收，買進不用繳，是投資的固定稅負,賣出股票,十萬元,,證交稅,千分之三,等於三百元,證交稅是賣股必繳，計算報酬率要算進去,證交稅只在賣出時收・是投資的固定稅負,證交稅是賣出股票時一定要繳給政府的稅，稅率是交易金額的千分之三，注意只有賣出時才收，買進不用繳。賣出十萬元的股票，就要繳三百元的證交稅。聽起來不多，但如果你頻繁交易，累積起來就很可觀了。很多人在計算一筆投資的報酬率時，只想到買進賣出的價差，忘了把手續費和證交稅一起算進去，這樣的報酬率計算是不準確的。每次交易前都要把這些成本考慮進去。
STOCK,STOCK-033,股市基礎・買賣股票要付多少錢給市場,圈存,圈存,Fund Reservation,easy,🌱,入門,🔒,💰,📋,⚠️,買股下單時<b>預先凍結</b>帳戶對應金額,圈存保障交割資金充足，避免違約風險,下單買,十萬元股票,,帳戶圈存,十萬元,等待交割,圈存期間這筆錢不能動，要預留足夠資金,圈存是資金預凍結・確保交割順利完成,圈存是你下單買股票的同時，系統自動把交割帳戶裡對應金額凍結起來的機制。這筆被凍結的錢，在交割完成之前你是動不了的。這個設計是為了確保到了交割日，帳戶裡一定有足夠的錢完成付款，避免違約交割。所以如果你計畫同時買好幾檔股票，要記得帳戶裡的總金額要夠用，不然可能下單到一半才發現錢被前幾筆圈存用光了。事先規劃好資金的分配非常重要。
STOCK,STOCK-034,股市基礎・買賣股票要付多少錢給市場,停損單,停損單,Stop Loss Order,easy,🌱,入門,🛑,📉,🔒,⚠️,股價跌到<b>設定價位</b>自動賣出的保護機制,停損單是風險控制的工具，幫你限制最大損失,買進,一百元,,設停損,九十元,跌到自動賣出,停損後仍可能滑價，實際成交不一定剛好,停損單是風控工具・不用守著盤面也能保護,停損單是我覺得每個投資人都應該善用的工具。你預先設定一個價位，股價跌到那個點就自動觸發賣出，幫你把虧損控制在可以接受的範圍內。買進一百元、設停損九十元，最壞的情況就是虧一成出場，不會繼續惡化下去。有些人覺得設停損是認輸，我不這樣想，我覺得停損是對自己資本的保護。市場隨時可能出現你意料不到的情況，停損單讓你不需要整天盯著盤，也能保護好自己的本金。
STOCK,STOCK-035,股市基礎・買賣股票要付多少錢給市場,停利單,停利單,Take Profit Order,easy,🌱,入門,🎯,📈,✅,⚠️,股價漲到<b>設定價位</b>自動賣出鎖定獲利,停利單幫你克服貪婪，在目標達到時自動出場,買進,一百元,,設停利,一百二十元,漲到自動賣出,停利後繼續漲會後悔，但保住獲利才是重點,停利單鎖定獲利・克服貪婪讓報酬落袋為安,停利單是預先設定你的獲利目標，股價漲到那個點就自動賣出把獲利鎖住。很多投資人捨不得設停利，覺得賣了之後繼續漲怎麼辦。但問題是，不設停利，很多人反而因為貪心，看著獲利從三成回落到一成、甚至變成虧損，最後沮喪出場。報酬落袋才是真正的獲利，帳面上的數字可以消失得很快。設好停利單，讓系統幫你克服人性的貪婪，是一個很實用的投資紀律。
STOCK,STOCK-036,股市基礎・買賣股票要付多少錢給市場,現股當沖,當沖,Same-Day Trading,easy,🌱,入門,⚡,🔄,💸,⚠️,同一天買進又賣出，<b>不需要實際交割</b>款項,當沖免準備資金但手續費和稅成本很高,早上買,十萬元股票,,下午賣出,結算差價,不需準備十萬,當沖成本高，多數散戶做當沖是在賠錢,當沖是高成本遊戲・散戶勝率統計很不樂觀,現股當沖是同一天買進再賣出，只結算差價、不需要準備完整的交割資金。聽起來很吸引人，門檻好像很低。但算一下成本你就知道，手續費買賣各一次、再加上千分之一點五的當沖證交稅，每次交易光是成本就要扣掉一定比例。要賺錢，股價的波動必須超過這個成本才行。統計數字告訴我們，大多數做當沖的散戶是虧損的。如果你想嘗試，先用小金額測試，搞清楚成本結構再說。
STOCK,STOCK-037,股市基礎・零股興櫃盤後你不知道的交易時間,零股,零股,Odd Lot,easy,🌱,入門,🧩,💰,📱,⚠️,不足一張<b>一千股</b>的股票買賣方式,讓小資族也能投資高價股，降低入門門檻,台積電一張約,數十萬元,,買一股只需要,數百元,即可入門,零股流動性較差，成交速度比整張慢,零股讓小資族也能參與・但流動性較差,零股交易讓資金不多的投資人也能參與高價股。台積電一張要好幾十萬，但如果只買一股，幾百元就能入門。這對想要定期定額、慢慢累積持股的小資族來說，是一個很好的方式。但零股有一個要注意的地方，就是流動性比整張差，成交速度比較慢，有時候掛單要等比較久才成交，甚至當天掛不到。如果你急著要在特定時間點買入，零股可能不是最好的選擇。
STOCK,STOCK-038,股市基礎・零股興櫃盤後你不知道的交易時間,盤後零股,盤後零股,After-Hours Odd Lot,easy,🌱,入門,🌙,🧩,⏰,⚠️,收盤後<b>下午兩點到兩點半</b>進行的零股交易,盤後零股用收盤價成交，價格確定沒有滑價,下午,兩點,,到,兩點半,進行零股申報,盤後零股用收盤價成交，但要等到下午才知道,盤後零股用收盤價・價格確定是最大優勢,盤後零股是收盤之後、下午兩點到兩點半這個時段進行的零股交易，以當天的收盤價來成交。最大的優點是價格確定，你知道你會用多少錢買到，不會有盤中的滑價問題。對於想要長期定期定額投資、不想花時間盯著盤的人來說非常適合。唯一的缺點是要等到下午才能交易，如果今天有重大利多消息、想搶在漲停前買入，盤後零股就幫不上忙了。
STOCK,STOCK-039,股市基礎・零股興櫃盤後你不知道的交易時間,興櫃,興櫃,Emerging Stock Market,easy,🌱,入門,🌱,📋,⚠️,🔍,上市上櫃前的<b>預備市場</b>，流動性較低,興櫃是公司正式掛牌前的過渡階段，風險較高,興櫃股票,流動性低,,買賣不易,價差,可能很大,興櫃沒有漲跌停限制，波動可以很劇烈,興櫃是預備市場・風險高流動性差要謹慎,興櫃市場是公司在正式上市或上櫃之前的預備交易場所。很多投資人以為興櫃是撿便宜的好地方，在公司正式掛牌之前提早布局。但興櫃有幾個特性要特別小心。第一，沒有漲跌停限制，一天內的波動可以很大。第二，流動性非常差，買賣的價差可能很大，你出得去不一定，進得去也不一定。第三，公司還沒通過完整的上市審核，資訊透明度也比較低。整體風險比上市上櫃股票高很多，不適合投資新手。
STOCK,STOCK-040,股市基礎・零股興櫃盤後你不知道的交易時間,逐筆交易,逐筆,Continuous Trading,easy,🌱,入門,⚡,🔄,📊,⚠️,每一筆委託<b>即時撮合</b>的交易機制,逐筆交易讓股市更有效率，價格更即時反映,委託送出,立即,,系統,即時,撮合成交,逐筆交易下股價波動更即時，要更快速反應,逐筆交易即時撮合・二零二零年起台股全面實施,台股從二零二零年起全面實施逐筆交易，每一筆委託送出去，系統立刻去撮合，能成交就立刻成交，不用等到下一個撮合時點。在這之前，台股是每幾秒才集中撮合一次，現在變成即時。好處是價格更快反映市場的真實供需，市場效率提升了。但對投資人來說，股價的短期波動也變得更加劇烈，需要更快的反應速度。做短線的人要特別注意這個改變帶來的影響。
STOCK,STOCK-041,股市基礎・零股興櫃盤後你不知道的交易時間,集合競價,集合競價,Call Auction,easy,🌱,入門,🔔,⏰,📊,⚠️,特定時段<b>集中撮合</b>一次的交易方式,開盤和收盤用集合競價，避免瞬間大波動,每天,早上九點,,集合競價決定,開盤價,一次撮合,集合競價時間掛單有機會影響開盤價格,集合競價集中撮合・開收盤都用這個機制,集合競價是把一段時間內收集到的所有委託，集中在一起一次撮合成交的機制。台股的開盤和收盤都採用集合競價，就是為了避免瞬間大量委託湧入造成價格暴衝。在集合競價的時段，你掛的委託不會立刻成交，而是等到撮合時點才統一處理。因此在開盤前的時段掛單，你的委託其實有機會影響當天開盤價格的形成，這是很多主力會利用的機制，散戶要有所認識。
STOCK,STOCK-042,股市基礎・零股興櫃盤後你不知道的交易時間,試撮合,試撮合,Pre-Market Matching,easy,🌱,入門,🔍,⏱️,📊,⚠️,開盤前<b>模擬撮合</b>讓市場看到預估成交價,試撮合讓投資人提前了解開盤價的大概方向,開盤前,八點四十分,,系統開始,試撮合,顯示預估價,試撮合只是參考，實際開盤價還是由競價決定,試撮合是開盤前的預覽・幫助判斷開盤方向,試撮合是台股在正式開盤之前，系統先模擬撮合、讓市場看到預估開盤價的機制，從早上八點四十分開始。你可以在這個時段看到，如果現在開盤的話，股價大概會在什麼位置。這個資訊對於判斷今天的開盤走勢很有參考價值。但要記住，試撮合只是預估，不是實際成交，真正的開盤價還是由九點的集合競價決定，試撮合的結果和實際開盤價可能會有差距。
STOCK,STOCK-043,股市基礎・這檔股票被盯上了要小心,注意股票,注意股,Attention Stock,easy,🌱,入門,👀,⚠️,🚨,📋,交易所<b>公告警示</b>的異常交易股票,注意股代表交易有異常，要特別謹慎評估,股價漲跌,異常,,成交量,爆量,被列入注意,注意股不一定是壞事，但要查清楚原因,注意股是交易所的警示訊號・要查明原因,注意股是交易所發現某一檔股票出現異常交易情形之後，公告出來提醒市場的名單。異常情形可能是股價短期暴漲暴跌，或者成交量突然爆量，這些都不符合正常交易的模式。被列入注意股不一定代表公司有問題，有時候只是正常的消息面刺激。但身為投資人，看到一檔股票被列為注意股，一定要先停下來查清楚原因，不要因為好奇或跟風就衝進去買，保護自己的資金安全是第一優先。
STOCK,STOCK-044,股市基礎・這檔股票被盯上了要小心,處置股票,處置股,Disposition Stock,easy,🌱,入門,🚧,⚠️,🔒,📋,比注意股<b>更嚴格</b>的管制措施，限制交易,處置股交易受限制，流動性更差要格外謹慎,被列入處置,交易受限,,委託需要,預收款券,才能下單,處置股買賣受限，急需出場時可能賣不掉,處置股限制更嚴・流動性大幅下降要當心,處置股票是比注意股更高一個層級的管制措施。被列入處置的股票，交易時必須採用預收款券制度，也就是買股票要先繳錢進來、賣股票要先把股票交出去，才能委託。這讓想進場的人門檻變高，整體流動性大幅下降。如果你手上剛好有股票被列為處置，要特別注意，急著想賣的時候可能找不到買家，出不了場。遇到這類股票，投資前一定要三思。
STOCK,STOCK-045,股市基礎・這檔股票被盯上了要小心,全額交割股,全額交割,Full Cash Payment Stock,easy,🌱,入門,🔴,💸,⚠️,🚨,買賣前必須<b>全額繳清</b>款項的股票,全額交割股通常財務有問題，風險極高,買進,十萬元股票,,必須提前,繳清,全部款項,全額交割股多半是財務危機的訊號,全額交割股是高風險警告・財務問題通常很嚴重,全額交割股是需要在買賣前全額繳清款項的股票，是台灣股市最嚴格的管制措施之一。能被列入全額交割，通常代表公司的財務狀況出現了非常嚴重的問題，可能是長期虧損、現金流斷裂、或者有重大的財務疑慮。這類股票隨時可能面臨下市或清算的風險。除非你有非常充分的研究和承受損失的能力，否則我的建議是完全避開，不值得拿自己的本金去冒這個險。
STOCK,STOCK-046,股市基礎・這檔股票被盯上了要小心,預收款券,預收款券,Pre-Collection,easy,🌱,入門,🔒,💰,📋,⚠️,交易前<b>先繳款或先交股票</b>的管制機制,預收款券讓投機資金無法輕易進出,買股票要,先繳錢,,賣股票要,先交,股票,被預收款券管制的股票流動性很差,預收款券是限制投機的機制・保護市場穩定,預收款券是對特定股票實施的交易管制，目的是讓投機資金沒辦法輕易進出、炒作股價。具體來說，買這類股票要先把錢繳進來，賣這類股票要先把股票交出去，才能委託。這個門檻讓很多短線投機資金望而卻步，也讓這類股票的流動性大幅下降。如果你看上了一檔股票，結果發現它被列入預收款券管制，建議先停下來研究一下為什麼，通常背後都有值得注意的原因。
STOCK,STOCK-047,股市基礎・這檔股票被盯上了要小心,延緩開盤,延緩開盤,Delayed Opening,easy,🌱,入門,⏸️,⏰,📋,⚠️,因<b>重大消息</b>或異常讓開盤時間延後,延緩開盤代表有重大資訊需要市場消化,公司公告,重大消息,,交易所,延緩,該股開盤,延緩開盤後通常有大幅波動，要做好準備,延緩開盤是重大事件的前兆・要謹慎應對,延緩開盤是交易所對個別股票實施的機制，當某一檔股票有重大消息公告或發現交易異常，交易所可以讓這檔股票的開盤時間延後，給市場參與者更多時間消化資訊，避免因為資訊不對稱造成劇烈的混亂。但要知道，被延緩開盤的股票，一旦真正開盤，通常都會有非常大幅的波動。如果你手上有這檔股票，或者想趁機進場，一定要做好心理和資金的準備，不能輕敵。
STOCK,STOCK-048,股市基礎・這檔股票被盯上了要小心,管理股票,管理股,Managed Stock,easy,🌱,入門,📋,⚠️,🔍,🚨,上市條件出現問題<b>面臨下市風險</b>的股票,管理股是公司出現嚴重問題的警告訊號,財務,出現問題,,被列入,管理,股票名單,管理股最終可能下市，投資人血本無歸,管理股是下市前的最後警告・風險極高,管理股是所有警示類型當中風險最高的一種。被列入管理股，代表這家公司的上市條件出現了嚴重問題，可能是財務持續惡化、長期累積虧損、或者違反了交易所的上市規定。這類股票隨時面臨被強制下市的風險。一旦下市，你手上的股票可能就變成壁紙，血本無歸。我的態度很清楚，管理股不是撿便宜的機會，而是一個嚴重的警告訊號。不管股價跌得多便宜，都不值得去冒這個風險。
STOCK,STOCK-049,股市基礎・三大法人在買賣什麼跟你有關係嗎,三大法人,三大法人,Three Major Institutional Investors,easy,🌱,入門,🏛️,👥,📊,⚠️,外資、投信、自營商<b>三類機構</b>投資人合稱,法人動向影響大盤，散戶要學會觀察,三大法人,合計買超,,市場,通常,跟著上漲,法人短期動向不代表長期趨勢，別盲目跟單,三大法人是市場的風向球・但不是萬無一失的指標,三大法人就是外資、投信和自營商這三類機構投資人的合稱。他們手上管理的資金龐大，一舉一動都會對市場造成影響。很多散戶會盯著三大法人的買賣超數字，作為進出場的參考。但我要提醒一件事，法人的短期動向不代表長期趨勢，他們也會看錯方向。而且法人的資訊比散戶快，等你看到數字的時候，他們可能已經開始轉向了。觀察法人是有用的，但不能盲目跟單，要配合自己的判斷。
STOCK,STOCK-050,股市基礎・三大法人在買賣什麼跟你有關係嗎,外資,外資,Foreign Institutional Investors,easy,🌱,入門,🌍,💰,📈,⚠️,來自海外的<b>機構投資人</b>，影響力最大,外資是台股最大的法人力量，動向牽動大盤,外資持有,台積電,,超過,七成,流通股份,外資集中在大型股，對中小型股影響較小,外資是台股最大推手・集中在權值股影響深遠,外資是來自海外的機構投資人，包括各國的基金、退休金、主權基金等。他們是台股最大的法人力量，持有台積電等權值股的比例非常高。外資的動向對台股大盤影響非常深遠，外資大買超的時候，大盤通常偏強；外資大賣超的時候，大盤往往承壓。但要注意，外資主要集中在大型權值股，對中小型股的影響相對有限。關注外資動向對判斷大盤趨勢很有幫助。
STOCK,STOCK-051,股市基礎・三大法人在買賣什麼跟你有關係嗎,投信,投信,Investment Trust,easy,🌱,入門,🏢,📊,💹,⚠️,國內<b>基金公司</b>，操作台灣本土基金,投信買超的股票通常是有基本面支撐的標的,投信,連續買超,,通常代表,有基本面,支撐,投信月底作帳行情是常見的市場現象,投信買超有基本面依據・但也有月底作帳的慣性,投信就是國內的基金公司，負責操作台灣本土的共同基金。相較於外資，投信的操作風格通常更偏向基本面研究，買進的標的大多有一定的財務支撐。有一個市場現象值得注意，就是投信的月底作帳行情。每到月底，投信為了讓旗下基金的績效好看，可能會拉抬手中持股，這個規律很多有經驗的投資人都知道。觀察投信的動向，對選股有一定的參考價值。
STOCK,STOCK-052,股市基礎・三大法人在買賣什麼跟你有關係嗎,自營商,自營商,Proprietary Traders,easy,🌱,入門,🏦,🔄,📊,⚠️,券商用<b>自有資金</b>在市場買賣的交易部門,自營商操作靈活，常用避險和套利策略,自營商,買超,,不一定代表,看好,後市上漲,自營商有避險需求，買超不等於看多,自營商動向複雜・要區分自行買賣和避險部位,自營商是券商用自有資金進行交易的部門，不是幫客戶操作，而是為自己的帳戶賺錢。他們的操作策略比較複雜，除了方向性的買賣，還會有很多避險和套利的操作。所以看到自營商買超，不能直接解讀為看好後市，因為那個買超可能是避險部位，而不是真的看多。相較於外資和投信，自營商的動向解讀難度更高，參考價值也相對較低，要謹慎解讀。
STOCK,STOCK-053,股市基礎・三大法人在買賣什麼跟你有關係嗎,外資買超,外資買超,Foreign Net Buy,easy,🌱,入門,📈,💰,✅,⚠️,外資買進金額<b>大於賣出</b>金額的狀態,外資買超通常對大盤和個股是正面訊號,外資單日,買超一百億,,大盤,通常,偏強上漲,持續買超比單日買超更有參考價值,持續外資買超才有意義・單日數字要謹慎解讀,外資買超就是外資這一天買進的金額大於賣出的金額，代表外資是淨流入的狀態。對市場來說，外資持續買超通常是一個正面的訊號，代表外資對台股或者特定個股的看法偏正面。但要注意，單日的買超數字受到很多短期因素影響，參考價值有限。要看連續幾天、甚至幾週的累計數字，才能判斷外資真正的方向。不要因為某一天外資大買超就衝進去追，要看持續性。
STOCK,STOCK-054,股市基礎・三大法人在買賣什麼跟你有關係嗎,外資賣超,外資賣超,Foreign Net Sell,easy,🌱,入門,📉,💸,❌,⚠️,外資賣出金額<b>大於買進</b>金額的狀態,外資持續賣超對大盤是壓力，要提高警覺,外資單日,賣超一百億,,大盤,通常,承壓下跌,外資賣超不一定是看空，可能是匯率因素,外資賣超要觀察原因・不一定代表看壞台股,外資賣超就是外資這一天賣出的金額大於買進，代表資金在流出。持續的外資賣超對大盤會形成壓力，是要提高警覺的訊號。但解讀外資賣超要注意一件事，外資賣台股不一定是因為看壞台灣，有時候是匯率因素、或者全球資金重新配置的需要，跟台股本身的基本面無關。所以看到外資賣超，要去了解背後的原因，不能單純看數字就做判斷，這樣才能避免做出錯誤的決策。
STOCK,STOCK-055,股市基礎・大股東的錢在哪裡你追得上嗎,主力,主力,Market Maker / Big Player,easy,🌱,入門,🐋,💰,🎯,⚠️,有能力<b>影響股價</b>走勢的大資金操盤者,主力拉抬股價吸引散戶，再高點出貨獲利,主力,買進拉抬,,散戶,跟進追高,主力出貨,主力和散戶站在對立面，要學會看懂意圖,主力影響股價・散戶要學會識別不要當接盤俠,主力是指那些有足夠資金和影響力可以推動股價的大資金操盤者。他們的操作邏輯和散戶完全不同，散戶是跟著市場走，主力是創造市場。主力的慣用手法是先在低檔默默建倉，然後拉抬股價、製造話題吸引散戶跟進，最後在高點把籌碼出給追高的散戶，完成出貨獲利。了解主力的操作邏輯，不是叫你去跟主力對抗，而是讓你知道不要在錯誤的時機點當接盤俠。
STOCK,STOCK-056,股市基礎・大股東的錢在哪裡你追得上嗎,大股東,大股東,Major Shareholders,easy,🌱,入門,👔,🏢,💼,⚠️,持有公司<b>大量股份</b>的重要股東,大股東動向是觀察公司信心的重要指標,大股東,持股增加,,代表對,公司前景,有信心,大股東持股鎖定籌碼，對股價有支撐作用,大股東增持是正面訊號・減持則要提高警覺,大股東是持有公司大量股份的重要股東，通常包括創辦人、董事會成員或者大型機構投資人。觀察大股東的持股變化，是評估公司前景的一個重要參考。如果大股東持續增加持股，代表他們對公司的未來有信心；反過來，如果大股東開始大量減持，那就要小心了，因為他們對公司的了解比任何外部投資人都要深。當然也要考慮減持可能是個人資金需求，不能一刀切，但持續減持確實是一個值得注意的警訊。
STOCK,STOCK-057,股市基礎・大股東的錢在哪裡你追得上嗎,董監事持股,董監持股,Directors and Supervisors Shareholding,easy,🌱,入門,👥,📋,🔍,⚠️,公司<b>董事和監察人</b>的持股比例狀況,董監持股高代表內部人對公司有信心,董監持股,超過三成,,通常是,籌碼,穩定的表現,董監持股設質比例過高是財務風險警訊,董監持股高是正面・但設質比例高要小心,董監事持股是公司董事和監察人持有自家公司股票的比例，這是觀察公司內部人信心的重要指標。董監持股比例高，代表公司的經營層對自家公司有信心，籌碼也相對穩定。但有一個地方要特別注意，就是董監持股的設質比例。如果董監事把大量持股拿去銀行質押借錢，代表他們可能有資金壓力，一旦股價下跌到一定程度，強制補繳保證金的壓力可能引發股價急跌，這是一個很重要的風險訊號。
STOCK,STOCK-058,股市基礎・大股東的錢在哪裡你追得上嗎,內部人,內部人,Insiders,easy,🌱,入門,🔐,👁️,📋,⚠️,擁有公司<b>內部資訊</b>的相關人員,內部人交易受法規嚴格限制，違規處罰重,內部人,買賣自家股票,,必須,申報,並遵守限制,內部人在特定期間買賣股票是違法的,內部人交易有嚴格規範・違規屬內線交易,內部人是指對公司擁有內部資訊的相關人員，包括董事、監察人、大股東和高階主管。因為他們掌握外部投資人不知道的資訊，所以法規對他們的股票交易有非常嚴格的限制。他們在特定期間，例如財報公布前，是不能買賣自家股票的，而且每次買賣都要申報。違反這些規定就構成內線交易，刑事責任非常重。所以看到新聞報導內部人增持，那是合規申報的動作，可以作為參考；但千萬不要被所謂的內部消息吸引而去做違法的事。
STOCK,STOCK-059,股市基礎・大股東的錢在哪裡你追得上嗎,鎖碼,鎖碼,Locked Shares,easy,🌱,入門,🔒,📦,🏦,⚠️,大股東<b>長期持有不賣出</b>讓籌碼穩定,籌碼鎖定越高股票越不容易大跌,大股東,持股鎖定,,市場,流通籌碼,相對減少,鎖碼不代表股價一定上漲，基本面還是關鍵,籌碼鎖定讓股票更穩定・但不保證一定漲,鎖碼是指大股東或主力把大量籌碼長期持有、不賣出的狀態，讓市場上流通的股票相對減少。籌碼鎖定的好處是，市場上能買到的股票少了，一旦有買盤進來，股價就比較容易被推升，也不容易出現大幅的下殺。但鎖碼不是萬靈丹，如果公司基本面出了問題，就算籌碼再集中，股價還是會跌。觀察鎖碼程度可以幫助判斷籌碼結構，但還是要搭配基本面一起看，才是完整的評估。
STOCK,STOCK-060,股市基礎・大股東的錢在哪裡你追得上嗎,散戶,散戶,Retail Investors,easy,🌱,入門,👤,📱,💸,⚠️,用自有資金<b>小額參與</b>市場的一般投資人,散戶是市場中資訊最不對稱的一方,散戶,資金小,,資訊,不如,法人完整,散戶容易被市場情緒影響做出非理性決策,散戶要揚長避短・學習獨立判斷才能生存,散戶就是我們這些用自己的錢、小額參與股市的一般投資人。在市場裡，散戶是資訊最不對稱的一方，法人有研究團隊、有管道，我們能看到的資訊往往是最後才公開的。這不代表散戶一定輸，但要知道自己的劣勢在哪裡。散戶的優勢是靈活，沒有被迫持有或被迫賣出的壓力，可以等待真正好的機會。要學會控制情緒、獨立判斷，不要跟著市場的恐慌和貪婪起舞，這是散戶能在市場長期生存的關鍵。
STOCK,STOCK-061,股市基礎・融資絞肉機還是加速器,融資,融資,Margin Buying,easy,🌱,入門,⚠️,💸,📈,🔥,向券商<b>借錢買股票</b>的信用交易方式,融資放大獲利也放大虧損，是雙面刃,自有資金,四十萬,,加上融資,六十萬,共一百萬買股,股票下跌時融資的損失比例遠超股價跌幅,融資是雙面刃・放大獲利也放大虧損,融資是向券商借錢來買股票。你自己有四十萬，券商借你六十萬，你就可以用一百萬的資金買股票。聽起來很吸引人，獲利放大了。但問題是，虧損也同樣放大了。股票跌一成，你虧的是自有資金的兩成五。更嚴重的是，如果股票繼續跌，你的自有資金可能很快被侵蝕掉，觸發維持率不足的警告，面臨追繳甚至斷頭。融資是我親身經歷過痛苦的工具，我用慘痛的代價學到了，不是不能用，但一定要非常謹慎。
STOCK,STOCK-062,股市基礎・融資絞肉機還是加速器,融券,融券,Short Selling,easy,🌱,入門,📉,💰,🔄,⚠️,向券商<b>借股票來賣出</b>的放空機制,融券讓投資人可以在股票下跌時獲利,預期股票,會下跌,,向券商,借股票,賣出獲利,融券有回補壓力，最後回補日要特別注意,融券是放空工具・回補壓力會推升股價,融券是向券商借股票來賣出，等股票跌了之後再買回來還給券商，賺取中間的差價。這是看空股票、預期股價下跌時可以使用的工具。但融券有一個很重要的機制要了解，就是最後回補日。到了最後回補日，所有融券的人都必須把股票買回來還給券商，這個強制回補的動作有時候反而會推升股價，造成所謂的軋空行情。融券操作的難度不低，要對時機和風險有充分的理解才能操作。
STOCK,STOCK-063,股市基礎・融資絞肉機還是加速器,信用交易,信用交易,Margin Trading,easy,🌱,入門,💳,🏦,⚠️,融資和融券的<b>統稱</b>，需要開立信用帳戶,信用交易放大資金效率，但風險也同步放大,開立,信用帳戶,,才能進行,融資,或融券操作,信用交易需要開戶審核，不是每個人都能申請,信用交易是進階工具・要先了解風險再申請,信用交易是融資和融券的統稱，要進行信用交易需要先開立信用帳戶，不是一般的證券帳戶就可以。開信用帳戶有一些條件，例如開戶滿一定時間、有一定的交易經驗等。信用交易的核心是以較少的自有資金，透過借貸放大交易規模。這聽起來很美好，但放大的不只是獲利，風險也同樣放大。在還沒有充分了解融資融券的運作機制和風險之前，建議不要急著申請信用帳戶。
STOCK,STOCK-064,股市基礎・融資絞肉機還是加速器,融資成數,融資成數,Margin Ratio,easy,🌱,入門,📊,💰,🔢,⚠️,融資時<b>券商貸款比例</b>上限的規定,融資成數決定你最多能借多少錢來買股,上市股票,融資成數六成,,自備款,四成,即可買進,融資成數越高槓桿越大，風險也越高,融資成數決定槓桿大小・上市上櫃成數不同,融資成數是券商可以借給你的金額比例上限。以上市股票為例，融資成數通常是六成，代表你買一百元的股票，券商最多借給你六十元，你自己要出四十元。成數越高，代表你可以用越少的自有資金控制越大的部位，槓桿效果越大。但槓桿大，風險也跟著大。上市和上櫃的融資成數可能不一樣，某些特定股票的融資成數還可能被調降，這些細節在操作前都要確認清楚。
STOCK,STOCK-065,股市基礎・融資絞肉機還是加速器,融資維持率,維持率,Maintenance Margin Ratio,easy,🌱,入門,📏,⚠️,🚨,🔢,融資帳戶的<b>安全底線</b>，低於一百三十%要追繳,維持率是融資安全的關鍵指標，一定要監控,維持率,低於一百三十%,,券商發出,追繳,通知,維持率的計算要把借款金額算清楚,維持率低於一百三十%就要追繳・要密切監控,融資維持率是你融資帳戶的安全底線，計算方式是股票市值除以融資金額。當維持率低於一百三十%，券商就會發出追繳通知，要求你補繳保證金或者賣掉部分持股。如果在期限內沒有處理，券商就有權利強制把你的股票賣掉，這就是斷頭。維持率是融資操作中最重要的數字，股票一旦開始下跌，維持率會很快惡化。做融資的人，每天都必須緊盯這個數字，不能大意。
STOCK,STOCK-066,股市基礎・融資絞肉機還是加速器,融資追繳,追繳,Margin Call,easy,🌱,入門,🚨,📞,💸,⚠️,維持率不足時券商<b>要求補繳</b>保證金,追繳是融資爆倉前的最後警告，要立即處理,維持率,不足,,券商發出,追繳,通知補繳,追繳後不補繳就會被強制斷頭,追繳是最後警告・不處理就面臨強制斷頭,融資追繳俗稱Margin Call，是維持率低於安全線之後，券商要求你補繳保證金的通知。這是一個非常嚴肅的警告，代表你的融資帳戶已經到了危險的邊緣。收到追繳通知之後，你必須在規定的時間內，或者補繳足夠的保證金、或者主動賣掉部分股票降低融資部位。如果什麼都不做，券商就會在市場開盤的時候強制把你的股票賣掉，那個時間點和價格你完全無法控制，損失可能比你預期的大很多。
STOCK,STOCK-067,股市基礎・斷頭那天到底發生了什麼事,斷頭,斷頭,Forced Liquidation,easy,🌱,入門,💥,📉,😱,⚠️,融資維持率不足被<b>強制賣出</b>的慘烈結局,斷頭是融資最壞的結果，損失往往超乎預期,維持率,持續下降,,券商,強制,賣出股票,市場崩跌時斷頭潮會加速股價下跌,斷頭是融資最壞的結局・損失往往超乎想像,斷頭是融資操作最慘烈的結局。維持率跌破安全線、追繳也沒有補繳，券商就會在市場開盤時強制把你的股票賣掉。問題是，斷頭往往發生在市場大跌的時候，這時候大家都在賣，流動性很差，你的股票可能要在很差的價格才賣得掉，損失比你想像的還要大。更可怕的是，大量斷頭同時發生，會進一步壓低股價，形成惡性循環。我親眼見過很多人因為斷頭而財務大傷，那種痛苦是很難描述的。
STOCK,STOCK-068,股市基礎・斷頭那天到底發生了什麼事,強制回補,強制回補,Forced Buy-to-Cover,easy,🌱,入門,⚡,🔄,💸,⚠️,融券維持率不足被<b>強制買回</b>股票還給券商,強制回補和斷頭都是信用交易的最壞結局,融券,維持率不足,,券商,強制,買回股票,強制回補可能在高點被迫買回損失更大,強制回補是融券的強制平倉・損失難以控制,強制回補是融券操作出問題時的強制平倉。你借券賣出之後，如果股票不跌反漲，你的融券維持率就會惡化。當維持率不足，券商就會強制幫你把股票買回來還給券商，完成回補。問題是，強制回補往往發生在股票已經大漲的時候，這時候你被迫在高點買回，虧損非常可觀。放空本來就有理論上無限大的虧損風險，因為股票可以一直漲，沒有上限。這是融券操作最大的風險之一，一定要事先充分理解。
STOCK,STOCK-069,股市基礎・斷頭那天到底發生了什麼事,融券回補,融券回補,Short Covering,easy,🌱,入門,🔄,📈,💰,⚠️,融券操作結束時<b>買回股票</b>還給券商,回補動作本身會產生買盤推升股價,融券,借股賣出,,到期,買回還券,完成回補,回補時機選擇不對會擴大虧損,融券回補是空頭平倉・大量回補會推升股價,融券回補就是你之前借券賣出之後，把股票買回來還給券商的動作。如果你放空成功、股票真的跌了，這時候回補就是獲利了結。但如果放空錯誤、股票漲了，回補就是認賠出場。融券回補有一個有趣的市場效應，就是大量的融券回補會產生買盤，有時候反而會推升股價。所以當市場上融券餘額很高的時候，一旦出現利多消息，逼空行情可能會非常凶猛。這是觀察融券餘額的重要意義。
STOCK,STOCK-070,股市基礎・斷頭那天到底發生了什麼事,最後回補日,最後回補日,Last Buy-to-Cover Date,easy,🌱,入門,📅,⏰,🚨,⚠️,融券必須在<b>此日前</b>完成回補的截止日,最後回補日前融券空單必須強制平倉,除權息,基準日前,,所有融券,必須,完成回補,最後回補日前股票可能被逼空急漲,最後回補日前融券要強制平倉・逼空風險高,最後回補日是融券操作的截止期限，在這一天之前所有的融券都必須完成回補。最常見的最後回補日是在除權息基準日前，因為要避免融券的利益衝突問題。最後回補日前，所有的空單都被迫要平倉，這個強制買盤有時候會推動股價急漲。如果你手上有融券部位、又沒有注意到最後回補日，可能會被迫在不好的時間點回補，影響很大。做融券之前，一定要把最後回補日記清楚。
STOCK,STOCK-071,股市基礎・斷頭那天到底發生了什麼事,軋空行情,軋空,Short Squeeze,easy,🌱,入門,🚀,💥,📈,⚠️,融券空單被迫大量回補<b>推升股價</b>急漲,軋空行情讓放空者損失慘重，股價急漲,融券,餘額很高,,利多消息,出現,空單被迫回補,融券比越高軋空風險越大，放空要謹慎,軋空讓空頭損失慘重・融券比高時要特別小心,軋空行情是放空者的惡夢。當市場上融券餘額很高，也就是有很多人在放空一檔股票，這時候如果出現一個大利多消息，或者有主力刻意拉抬股價，那些放空的人就會被迫紛紛回補。大量的回補買盤湧入，進一步推高股價，逼得更多空單被迫回補，形成一個向上的螺旋。股價在短時間內可以漲得非常猛，讓空方損失慘重。融券比越高的股票，被軋空的風險就越大，放空前一定要把這個風險考慮進去。
STOCK,STOCK-072,股市基礎・斷頭那天到底發生了什麼事,券資比,券資比,Short-to-Long Ratio,easy,🌱,入門,📊,🔢,⚖️,⚠️,融券餘額除以融資餘額的<b>比值</b>,券資比高代表市場看空氣氛濃厚,融券餘額,一萬張,,融資餘額,十萬張,券資比一成,券資比過高可能是軋空行情的前兆,券資比高表示空方力量強・但也可能引發軋空,券資比就是融券餘額除以融資餘額，用來衡量市場上做空和做多的相對力量。券資比高，代表相對於做多的人，做空的人比例較高，市場空頭氣氛較濃。但券資比高也有另一層意思，就是一旦出現利多消息，這些空單被迫回補的壓力很大，軋空行情的風險隨之提高。所以券資比是一個雙面解讀的指標，高券資比不一定代表股票會繼續跌，有時候反而是上漲動能的來源。要結合其他因素一起判斷。
STOCK,STOCK-073,股市基礎・K線說的話你聽得懂嗎,K線,K線,Candlestick Chart,easy,🌱,入門,🕯️,📊,📈,⚠️,記錄股價<b>開高低收</b>四個價格的圖形,K線是技術分析最基本的工具，每天都在用,一根K線,記錄一天,,開盤,最高,最低,收盤四個價格,K線只是歷史資料，不能保證未來走勢,K線記錄價格歷史・是技術分析的基礎語言,K線是股市技術分析最基本的圖形工具，每一根K線記錄了特定時間段內的四個關鍵價格：開盤價、最高價、最低價和收盤價。這四個數字組合在一起，可以讀出很多市場資訊。很多投資人學技術分析，就從看懂K線開始。但我要先說一個重要的觀念：K線只是歷史資料的記錄，它告訴你過去發生了什麼，但沒辦法百分之百預測未來。K線是工具，不是水晶球，要配合其他資訊一起使用。
STOCK,STOCK-074,股市基礎・K線說的話你聽得懂嗎,陽線,陽線,Bullish Candlestick,easy,🌱,入門,🔴,📈,💪,⚠️,收盤價<b>高於開盤價</b>的K線，通常為紅色,陽線代表當天買方力量強於賣方,開盤,一百元,,收盤,一百零五元,紅色陽線,單根陽線不代表趨勢，要看連續型態,陽線代表當天買方勝・但不保證明天繼續漲,陽線就是當天收盤價高於開盤價的K線，在台灣通常用紅色來表示，所以也叫紅K線。陽線代表這一天買方的力量大於賣方，股價從開盤到收盤是往上走的。陽線的實體越長，代表當天多方的力量越強。但要注意，單根陽線只能說明當天的多空情況，不能單獨用來判斷未來趨勢。要看幾根K線組合起來的型態，以及搭配成交量，才能做出比較可靠的判斷。
STOCK,STOCK-075,股市基礎・K線說的話你聽得懂嗎,陰線,陰線,Bearish Candlestick,easy,🌱,入門,🟢,📉,😰,⚠️,收盤價<b>低於開盤價</b>的K線，通常為綠色,陰線代表當天賣方力量強於買方,開盤,一百元,,收盤,九十五元,綠色陰線,陰線實體越長代表當天空方力量越強,陰線代表當天賣方勝・實體越長空方越強,陰線就是當天收盤價低於開盤價的K線，在台灣用綠色表示，所以叫綠K線。陰線代表這一天賣方的力量大於買方，股價從開盤到收盤是往下走的。陰線的實體越長，代表當天空方的力量越強、賣壓越沉重。很多人看到陰線就緊張，但其實陰線出現在不同的位置，意義也不一樣。在高點出現大陰線是警訊，但在跌了一段之後出現陰線縮量，有時候反而是跌勢放緩的訊號。
STOCK,STOCK-076,股市基礎・K線說的話你聽得懂嗎,開盤價,開盤價,Opening Price,easy,🌱,入門,🔔,⏰,💲,⚠️,當天股市開盤時的<b>第一個成交價格</b>,開盤價反映市場對昨收後消息的第一個反應,今天,開盤九十五元,,昨收,一百元,開低走高或低,開盤跳空代表重大消息，要先搞清楚原因,開盤價是市場的第一個態度表達・要觀察走勢,開盤價是當天股市開盤時的第一個成交價格，反映市場在昨天收盤之後到今天開盤之前，這段時間內所有消息的消化結果。如果今天開盤比昨天收盤高很多，叫做跳空高開；低很多就叫跳空低開。跳空通常代表有重大的消息或事件發生，是一個需要特別注意的訊號。開盤之後的走勢，是繼續往開盤方向走、還是快速反轉，也是很重要的觀察點。
STOCK,STOCK-077,股市基礎・K線說的話你聽得懂嗎,收盤價,收盤價,Closing Price,easy,🌱,入門,🔔,🌙,💲,⚠️,當天交易結束時的<b>最後成交價格</b>,收盤價是最重要的參考基準，隔天開盤的起點,今天,收盤一百元,,明天,開盤,以此為基準,收盤價決定技術指標和均線的計算基準,收盤價是一天的定論・技術指標都以此計算,收盤價是當天交易結束時的最後成交價格，也是市場對這一天所有資訊消化之後的定論。收盤價是最重要的技術分析基準，所有的均線、技術指標，都是以收盤價來計算的。隔天的開盤，也是以今天的收盤價為參考起點。很多主力或法人會在收盤前集中拉抬或壓低股價，讓收盤價停在一個對自己有利的位置，這種行為在台灣市場時常可以觀察到，尤其是在月底或季底的時候。
STOCK,STOCK-078,股市基礎・K線說的話你聽得懂嗎,上引線下引線,引線,Upper and Lower Shadows,easy,🌱,入門,📏,🕯️,🔍,⚠️,K線實體上下的<b>細線</b>，代表最高和最低價,引線長短透露當天多空攻防的激烈程度,上引線長,代表高點遇到賣壓,,下引線長,代表低點,有買方撐盤,長上引線在高點是警訊，代表上方賣壓沉重,引線長短透露多空訊息・要配合位置來解讀,K線上面和下面伸出來的細線，就是上引線和下引線。上引線是從實體最高點延伸到當天最高價，代表盤中曾經漲到那裡，但收盤前被賣壓打回來了。下引線是從實體最低點延伸到當天最低價，代表盤中曾經跌到那裡，但有買盤撐起來了。引線的長短很有意義，長長的上引線在高點出現，通常代表上方賣壓沉重，要小心；長長的下引線在低點出現，通常代表有支撐，是比較正面的訊號。要配合K線所在的位置一起解讀，不能斷章取義。
STOCK,STOCK-079,股市基礎・均線是什麼為什麼大家都在看,五日均線,五日均,5-Day Moving Average,easy,🌱,入門,📈,🔢,⏱️,⚠️,過去<b>五個交易日</b>收盤價的平均值,五日均線反映最近一週的短期趨勢,今日五日均線,就是,最近五天,,收盤價,加總,除以五,五日均線最敏感，假突破假跌破最多,五日均線最靈敏・短線參考但雜訊也最多,五日均線就是最近五個交易日收盤價的平均值，也就是大約一週的平均成本。它是所有均線裡面反應最快的一條，股價稍微有個風吹草動，五日均線就會跟著動。做短線的人很喜歡看五日均線，因為它最敏感。但敏感是雙面刃，雜訊也最多，假突破假跌破非常頻繁。不能光看股價和五日均線的關係就做決策，要搭配其他均線和成交量，才能提高判斷的準確性。
STOCK,STOCK-080,股市基礎・均線是什麼為什麼大家都在看,十日均線,十日均,10-Day Moving Average,easy,🌱,入門,📈,🔢,📅,⚠️,過去<b>十個交易日</b>收盤價的平均值,十日均線代表近兩週市場的平均成本,十日均線,就是,最近兩週,,收盤價,加總,除以十,十日均線比五日均穩定，是短線的重要支撐,十日均線是短線支撐壓力的重要參考,十日均線是最近十個交易日收盤價的平均，大約代表兩週的市場平均成本。比五日均線穩定一些，雜訊相對少，在短線交易中是一個很常被觀察的支撐和壓力參考位置。當股價在十日均線以上運行，通常短線偏多；跌破十日均線，就要提高一點警覺。但要記住，均線是落後指標，它反映的是過去的資訊，不能單靠均線就做投資決定，要配合其他的判斷工具一起使用。
STOCK,STOCK-081,股市基礎・均線是什麼為什麼大家都在看,二十日均線,月線,20-Day Moving Average,easy,🌱,入門,📈,📅,💹,⚠️,過去<b>二十個交易日</b>收盤價的平均，俗稱月線,月線代表一個月的市場平均成本，中期趨勢參考,二十日均線,代表,約一個月,,市場,平均,持股成本,月線是多空分界的重要參考位置,月線是多空分界的重要指標・站上偏多跌破偏空,二十日均線就是俗稱的月線，代表最近一個月市場的平均持股成本。很多投資人把月線當成多空分界的重要參考，股價站上月線通常偏多看待，跌破月線就要偏空謹慎。月線比五日和十日均線穩定，假突破的情況相對少一些。在實戰中，月線是一個很多人都在盯著看的關鍵位置，因此也會成為一個自我實現的支撐和壓力，當很多人都在看同一個位置，那個位置就真的會有意義。
STOCK,STOCK-082,股市基礎・均線是什麼為什麼大家都在看,六十日均線,季線,60-Day Moving Average,easy,🌱,入門,📈,📅,🏢,⚠️,過去<b>六十個交易日</b>收盤價的平均，俗稱季線,季線代表三個月的市場平均成本，中長期趨勢,六十日均線,代表,約三個月,,市場,平均,持股成本,季線轉折是中期趨勢改變的重要訊號,季線轉折是中期趨勢變化的重要訊號,六十日均線就是俗稱的季線，代表最近三個月的市場平均成本。季線的意義在於中期趨勢的判斷，當股價在季線以上、季線本身也在往上走，通常代表中期趨勢是健康的多頭。反之，股價跌破季線、季線也開始往下彎，就代表中期趨勢已經轉弱。季線的轉折比月線更慢，但相對更可靠，假訊號較少。做中期投資的人，季線是一個非常重要的參考工具。
STOCK,STOCK-083,股市基礎・均線是什麼為什麼大家都在看,黃金交叉,黃金交叉,Golden Cross,easy,🌱,入門,✨,📈,💰,⚠️,短期均線<b>由下往上穿越</b>長期均線的訊號,黃金交叉通常被視為中期偏多的確認訊號,五日均線,由下往上,,穿越,二十日均線,黃金交叉,黃金交叉出現後可能已經漲一段要注意,黃金交叉是偏多訊號・但不代表馬上會大漲,黃金交叉是短期均線由下往上穿越長期均線的技術訊號，通常被視為一個偏多的確認。例如五日均線往上穿越二十日均線，代表短期的平均成本開始超越中期的平均成本，多方力量在增強。但要注意一件事，黃金交叉是落後指標，等到訊號出現的時候，股價往往已經從低點漲了一段了。追在黃金交叉出現後進場，有時候反而是買在波段的相對高點。黃金交叉是參考，不是保證。
STOCK,STOCK-084,股市基礎・均線是什麼為什麼大家都在看,死亡交叉,死亡交叉,Death Cross,easy,🌱,入門,💀,📉,⚠️,🔻,短期均線<b>由上往下穿越</b>長期均線的訊號,死亡交叉通常被視為中期偏空的警示訊號,五日均線,由上往下,,穿越,二十日均線,死亡交叉,死亡交叉出現時股價可能已跌一段,死亡交叉是偏空警訊・但不代表馬上會崩跌,死亡交叉是短期均線由上往下穿越長期均線的技術訊號，被視為偏空的警示。例如五日均線往下穿越二十日均線，代表短期平均成本跌破中期平均成本，空方力量在增強。同樣的，死亡交叉也是落後指標，等到訊號確認時，股價可能已經從高點跌了一段。這時候才殺出，有時候反而賣在波段的相對低點。死亡交叉是提醒你要謹慎的訊號，不是叫你立刻不惜一切賣掉的指令。
STOCK,STOCK-085,股市基礎・技術指標那麼多哪個最常被誤用,MACD,MACD,Moving Average Convergence Divergence,easy,🌱,入門,📊,🔄,📈,⚠️,快慢均線差值的<b>趨勢動能</b>指標,MACD適合判斷趨勢動能，不適合當作即時進出訊號,MACD柱狀體,由負轉正,,代表,動能,從空轉多,MACD在盤整行情中最容易給出假訊號,MACD判斷趨勢動能・盤整時假訊號最多,MACD是技術分析裡很常被用到的指標，用來衡量趨勢的動能變化。它的計算基礎是快速均線和慢速均線之間的差值，搭配一條訊號線和柱狀體來呈現。當MACD柱狀體由負轉正，代表動能從空方轉向多方；由正轉負則相反。但我要提醒一件事，MACD是一個適合判斷趨勢動能的工具，在趨勢行情中很好用，但在盤整行情裡面，它給出的假訊號非常多。很多新手拿MACD當作即時買賣訊號，結果頻繁進出、反覆被假訊號耍。要先理解它的適用情境。
STOCK,STOCK-086,股市基礎・技術指標那麼多哪個最常被誤用,KD指標,KD,Stochastic Oscillator,easy,🌱,入門,📊,🔄,⚡,⚠️,衡量股價在<b>高低價區間</b>相對位置的指標,KD適合在震盪行情抓高低點，趨勢中容易失真,KD值,高於八十,,進入,超買,區域要注意,KD在趨勢行情中會長期維持在高位或低位,KD適合震盪行情・趨勢行情中容易失真,KD指標是衡量目前股價在一段時間高低價區間裡相對位置的工具。KD值在八十以上通常被視為超買區，在二十以下被視為超賣區。在震盪行情中，KD用來抓短線高低點很好用。但在趨勢行情裡面，KD會長期停留在超買或超賣區，一直出現賣出訊號，但股票就是不跌。這時候如果盲目跟著KD操作，就會一直錯過漲勢，甚至放空被軋。了解KD的適用情境，比學會怎麼看KD更重要。
STOCK,STOCK-087,股市基礎・技術指標那麼多哪個最常被誤用,RSI,RSI,Relative Strength Index,easy,🌱,入門,📊,💪,🔢,⚠️,衡量股價<b>漲跌強弱</b>的動能指標，介於零到百,RSI高於七十超買，低於三十超賣是基本參考,RSI,高於七十,,進入,超買,區要提高警覺,RSI在強勢股中可以長期維持高位不回,RSI衡量動能強弱・超買超賣只是參考非鐵律,RSI是相對強弱指標，數值介於零到一百之間，用來衡量股價漲跌動能的強弱。一般的理解是RSI高於七十進入超買區、低於三十進入超賣區。但這個理解只是基本參考，不是鐵律。很多強勢股的RSI可以長期維持在七十以上，一直在超買區但股票就是不跌。反過來，弱勢股的RSI可能長期在三十以下。RSI真正的用法，更多是看背離訊號，也就是股價創新高但RSI沒有同步創新高的時候，往往是趨勢轉弱的提示。
STOCK,STOCK-088,股市基礎・技術指標那麼多哪個最常被誤用,布林通道,布林,Bollinger Bands,easy,🌱,入門,📊,〰️,📏,⚠️,以均線為中心的<b>標準差通道</b>，衡量波動範圍,布林通道寬窄反映市場波動程度的變化,股價,碰到上軌,,可能,遇到,壓力回落,布林通道收窄後通常會出現一波較大行情,布林通道衡量波動・收窄後常有大行情出現,布林通道是以均線為中心、上下各加減一定標準差所形成的通道。通道的寬窄反映市場波動的大小，波動大的時候通道寬，波動小的時候通道窄。股價觸碰上軌通常被視為超買、觸碰下軌被視為超賣，這是最常見的用法。但還有一個很實用的觀察，就是布林通道收窄之後，通常會出現一波比較大的行情，方向不確定，但幅度往往不小。布林通道收縮是行情醞釀的訊號，值得關注。
STOCK,STOCK-089,股市基礎・技術指標那麼多哪個最常被誤用,趨勢線,趨勢線,Trendline,easy,🌱,入門,📏,📈,🖊️,⚠️,連接股價<b>高點或低點</b>的直線，顯示趨勢方向,趨勢線是判斷行情方向最直觀的工具,連接,兩個以上低點,,畫出,上升,趨勢線,趨勢線的有效性取決於接觸點的數量,接觸點越多趨勢線越有效・跌破才算真跌破,趨勢線是把股價的高點或低點連接起來畫出的直線，用來直觀地顯示行情的方向。上升趨勢線是連接一系列的低點，下降趨勢線是連接一系列的高點。趨勢線的有效性，很大程度取決於有多少個點接觸過這條線，接觸點越多代表這條線越重要。當股價跌破有效的上升趨勢線，通常是一個需要提高警覺的訊號。但要等收盤確認，單日的盤中跌破不算，很多時候是假跌破，然後再漲回來。
STOCK,STOCK-090,股市基礎・技術指標那麼多哪個最常被誤用,支撐壓力,支撐壓力,Support and Resistance,easy,🌱,入門,🧱,📊,⚖️,⚠️,股價不容易跌破的<b>支撐</b>和不容易突破的<b>壓力</b>,支撐和壓力是技術分析最核心的概念之一,股價,跌到某個價位,,一直,反彈,形成支撐,支撐被跌破就轉為壓力，壓力被突破就轉為支撐,支撐壓力互相轉換・是技術分析的核心概念,支撐和壓力是技術分析裡最核心的概念。支撐是股價不容易跌破的價位，因為在那個位置有足夠的買盤承接；壓力是股價不容易突破的價位，因為那裡有足夠的賣壓。有一個很重要的特性叫做支撐壓力互換，就是支撐一旦被跌破，就會變成日後反彈的壓力；壓力一旦被突破，就會變成日後回測的支撐。這個互換的概念在實際操作中非常實用，是技術分析入門必學的觀念。
STOCK,STOCK-091,股市基礎・成交量能告訴你什麼秘密,成交量,成交量,Trading Volume,easy,🌱,入門,📊,🔢,💹,⚠️,某段時間內<b>買賣成交</b>的股票總張數,成交量反映市場參與的活躍程度,今天,成交量一萬張,,代表,一萬張,股票換手,量是價的先行指標，無量的漲跌要特別謹慎,量是多空的溫度計・有量才有意義的漲跌,成交量是某段時間內買賣雙方成交的股票總張數，反映市場參與的活躍程度。很多人說量是多空的溫度計，這話很有道理。一個健康的上漲行情，通常是伴隨著成交量的擴大；反過來，下跌時成交量萎縮，代表賣壓不重。最需要警惕的是無量的漲跌，漲的時候沒有量，代表背後沒有實質買盤支撐，很容易反轉；跌的時候沒有量，有時候反而是跌勢放緩的訊號。量和價的關係，是技術分析裡最值得深入研究的課題之一。
STOCK,STOCK-092,股市基礎・成交量能告訴你什麼秘密,成交量能,量能,Volume Momentum,easy,🌱,入門,💪,📊,🔥,⚠️,成交量背後反映的<b>市場買賣力道</b>強弱,量能強代表市場參與度高行情有支撐,量能,持續擴大,,代表,市場,持續有人進場,量能突然暴增要分辨是突破還是出貨,量能是行情真假的驗證工具,量能是成交量背後所代表的市場力道。看量能不只是看今天成交了多少張，更重要的是量能的變化趨勢。量能持續擴大，代表越來越多的市場參與者在進場，行情的基礎比較紮實；量能持續萎縮，代表市場越來越冷清，行情的持續性要打個問號。特別要注意的是量能突然暴增的情況，可能是主力突破關鍵價位的啟動，也可能是主力藉機出貨的訊號。要搭配股價在什麼位置、長期走勢如何，才能正確解讀。
STOCK,STOCK-093,股市基礎・成交量能告訴你什麼秘密,量價關係,量價,Price-Volume Relationship,easy,🌱,入門,🔗,📈,📊,⚠️,成交量與股價變化之間的<b>互動關係</b>,量價配合的行情最健康，量價背離要小心,股價,上漲加量,,是,健康,的多頭訊號,價漲量縮或價跌量增都是背離訊號,量價同向是健康行情・背離是警示訊號,量價關係是技術分析裡非常重要的觀察維度。最理想的多頭行情是價漲量增，代表股價上漲是有實質買盤支撐的；價跌量縮則代表賣壓不重，下跌可能是短暫的調整。但如果出現價漲量縮，代表股票在漲但參與者越來越少，行情的持續性值得懷疑；價跌量增則更要小心，代表有大量的籌碼在下跌過程中被賣出，後續可能有更大的跌勢。量價背離是行情轉折的重要提示，要認真對待。
STOCK,STOCK-094,股市基礎・成交量能告訴你什麼秘密,買盤,買盤,Buying Orders,easy,🌱,入門,📈,💚,💰,⚠️,市場上願意<b>買進股票</b>的委託力量,買盤強勁代表市場需求旺盛股價有上漲動力,大量,買盤湧現,,股價,被推高,成交量增加,買盤可能是真實買進也可能是拉抬吸引散戶,買盤是推升股價的力量・要判斷是真買還是假買,買盤就是市場上願意買進股票的委託力量。當買盤強勁，代表市場需求旺盛，股價就有往上走的動力。但要學會分辨買盤的真假。有時候主力製造出大量買盤的假象，目的是吸引散戶跟進，等散戶追高之後，主力悄悄轉變成賣方。真實的買盤會讓股價穩定走高，伴隨著量能的擴大；假買盤往往是瞬間拉抬，然後快速縮量，股價撐不住。仔細觀察買盤的持續性，是判斷真假的重要方法。
STOCK,STOCK-095,股市基礎・成交量能告訴你什麼秘密,賣盤,賣盤,Selling Orders,easy,🌱,入門,📉,🔴,💸,⚠️,市場上願意<b>賣出股票</b>的委託力量,賣盤沉重代表持股者想出場股價有下跌壓力,大量,賣盤湧現,,股價,被壓低,成交量增加,高點出現大賣盤是主力出貨的常見訊號,賣盤是壓制股價的力量・高點大賣盤要警惕,賣盤就是市場上願意賣出股票的委託力量。當賣盤沉重，代表持股者迫切想要出場，股價就會受到向下的壓力。在高點出現大量的賣盤，往往是主力出貨的訊號，代表他們開始把手上的籌碼賣給追高的散戶。低點的賣盤如果逐漸萎縮，反而可能是賣壓減輕、底部成形的徵兆。學會觀察賣盤的力道和位置，對於判斷股票的短期走勢非常有幫助。
STOCK,STOCK-096,股市基礎・成交量能告訴你什麼秘密,掛單,掛單,Order Book,easy,🌱,入門,📋,💲,👀,⚠️,買賣雙方<b>尚未成交</b>的委託資訊,五檔掛單透露市場買賣雙方的力量對比,買方,掛單一百張,,賣方,掛單,五百張偏空,掛單可以被快速撤單，不代表真實意圖,掛單透露即時供需・但可能被主力用來誤導,掛單是買賣雙方還沒有成交的委託資訊，通常在交易系統上可以看到五檔報價，分別顯示買方和賣方各五個價位的掛單量。觀察掛單可以了解即時的市場供需情況，買方掛單多代表有支撐，賣方掛單多代表有壓力。但要特別注意，掛單是可以隨時撤銷的，主力有時候會刻意掛大量的假買單製造支撐假象、或者掛大量假賣單製造壓力假象，然後在關鍵時刻撤單，誘使散戶做出錯誤的判斷。觀察掛單要保持一定的懷疑態度。
STOCK,STOCK-097,股市基礎・財報三表你只要懂這幾件事,財務報表,財報,Financial Statements,easy,🌱,入門,📋,🏢,📊,⚠️,公司對外公開的<b>財務狀況</b>完整報告,財報是了解公司真實狀況最重要的依據,每季,公布一次,,包含,損益,資產負債現金流,財報要看趨勢，不能只看單一季的數字,財報是公司的健康檢查報告・要看趨勢變化,財務報表是公司對外公開的財務狀況完整報告，是投資人了解一家公司最重要的資料來源。台灣上市上櫃公司每季都要公布財報，年度財報要經過會計師查核。財報包含損益表、資產負債表和現金流量表三大報表，分別告訴你公司賺不賺錢、有多少資產和負債、現金的流入流出情況。但看財報不能只看單一季的數字，要看多季的趨勢變化，才能判斷公司是在改善還是在惡化。
STOCK,STOCK-098,股市基礎・財報三表你只要懂這幾件事,損益表,損益表,Income Statement,easy,🌱,入門,📊,💰,📈,⚠️,顯示公司在<b>特定期間</b>賺了多少錢的報表,損益表是最直觀的財報，告訴你公司有沒有賺錢,公司,這季營收一億,,扣除成本後,淨利,一千萬元,營收成長但獲利下降代表成本壓力增加,損益表看賺錢能力・要同時看營收和獲利,損益表是最直觀的財務報表，告訴你公司在這段時間到底賺了多少錢。從最上面的營收，一路扣掉各種成本和費用，最後得出稅後淨利。每一層的數字都有意義，毛利率看生產效率、營業利益率看本業獲利能力、稅後淨利看最終成果。很多投資人只看最後的淨利數字，但更重要的是看中間的趨勢。如果營收成長但獲利下滑，代表成本壓力在增加，這是一個值得深挖的警訊。
STOCK,STOCK-099,股市基礎・財報三表你只要懂這幾件事,資產負債表,資產負債,Balance Sheet,easy,🌱,入門,⚖️,🏢,📋,⚠️,公司在<b>特定時點</b>所有資產和負債的快照,資產負債表告訴你公司有多少本錢和欠多少債,公司,總資產十億,,負債,七億,淨值三億,負債比過高代表財務風險大，要特別注意,資產負債表是財務健康的快照・負債比是關鍵,資產負債表是公司在特定時間點上，所有資產和負債的完整快照。資產包括現金、設備、土地等；負債包括向銀行的借款、應付帳款等。資產減去負債，就是股東權益，也就是公司真正屬於股東的淨值。負債比是一個很重要的觀察指標，負債比過高代表公司借了太多錢，財務風險比較大。如果遇到景氣下滑或者利率上升，高負債的公司會面臨很大的財務壓力，投資前一定要把這個風險評估清楚。
STOCK,STOCK-100,股市基礎・財報三表你只要懂這幾件事,現金流量表,現金流,Cash Flow Statement,easy,🌱,入門,💵,🔄,📊,⚠️,記錄公司<b>現金實際進出</b>的報表,現金流是比獲利更真實的財務健康指標,公司,帳面賺錢,,但現金,持續,流出要注意,自由現金流為正代表公司有真實的獲利能力,現金流是真實的血液・比帳面獲利更可靠,現金流量表記錄公司在這段期間現金實際流入和流出的情況。這是三大報表中最容易被投資人忽略、但其實非常重要的一張。因為帳面上的獲利可以透過會計手法調整，但現金是藏不住的。一家公司可能帳面上有獲利，但現金卻一直在流出，這種情況要特別警覺，可能是應收帳款無法收回、或者獲利品質有問題。自由現金流持續為正，是一家公司真正具備獲利能力的重要證明。
STOCK,STOCK-101,股市基礎・財報三表你只要懂這幾件事,營業收入,營收,Revenue,easy,🌱,入門,💰,📈,🏢,⚠️,公司在<b>本業銷售</b>產品或服務取得的收入,營收是公司規模和業務動能的直接指標,公司,這季營收五億,,比上季,成長,兩成年增率,營收成長但獲利沒跟上是需要深究的警訊,營收是公司的業務溫度計・要看成長趨勢,營收是公司在本業上銷售產品或提供服務所取得的收入，是損益表最上面的那個數字，也叫做頂線。觀察營收有兩個重要的維度，一個是月增率，就是和上個月比較；一個是年增率，就是和去年同期比較。年增率更有參考價值，因為很多產業有季節性，單純跟上個月比容易被誤導。台灣上市上櫃公司每個月都要公布月營收，是投資人追蹤公司業務動能最即時的工具。
STOCK,STOCK-102,股市基礎・財報三表你只要懂這幾件事,毛利,毛利,Gross Profit,easy,🌱,入門,💹,📊,🔢,⚠️,營收扣掉<b>直接生產成本</b>後的初步獲利,毛利率反映公司產品的定價能力和生產效率,營收,一億元,,扣除,成本,六千萬毛利四千萬,毛利率下滑是公司競爭力衰退的早期警訊,毛利率是競爭力的指標・下滑要深入研究原因,毛利是營收扣掉直接生產成本後的初步獲利，毛利除以營收就是毛利率。毛利率是一個非常重要的財務指標，反映公司對自己產品的定價能力，以及生產效率的高低。毛利率高代表公司有競爭優勢，能賣到好的價格或者控制好成本；毛利率持續下滑，往往是公司競爭力衰退的早期警訊，可能是產品失去差異化、市場競爭加劇、或者原物料成本上升。在財報分析中，毛利率的趨勢是我最先看的幾個數字之一。
STOCK,STOCK-103,股市基礎・毛利率EPS ROE這三個最重要,毛利率,毛利率,Gross Margin,easy,🌱,入門,📊,💹,🏆,⚠️,毛利占營收的<b>百分比</b>，反映定價能力,毛利率越高代表公司產品越有競爭優勢,毛利率,百分之五十,,代表,每賣一百元,賺五十元毛利,毛利率要和同業比較才有意義,毛利率要和同業比・高於同業才是真優勢,毛利率就是毛利占營收的百分比。一家公司的毛利率高不高，要跟同業相比才有意義，不同產業的正常毛利率差異非常大。科技業可能毛利率五十%以上，傳統製造業可能只有十幾%，這不代表製造業比較差，而是產業特性不同。同一家公司的毛利率趨勢，才是最重要的觀察維度。如果一家公司的毛利率持續高於同業，代表它有真正的競爭優勢；如果毛利率逐季下滑，要去研究原因，可能是值得注意的警訊。
STOCK,STOCK-104,股市基礎・毛利率EPS ROE這三個最重要,營業利益率,營益率,Operating Margin,easy,🌱,入門,📊,💼,🔢,⚠️,扣除<b>所有營業費用</b>後的本業獲利比率,營業利益率反映公司本業的真實獲利效率,毛利,四千萬,,扣除,營業費用,剩下本業利益,業外收入讓淨利漂亮但不代表本業好,營業利益率才是本業真實獲利能力,營業利益率是毛利扣掉所有營業費用後的本業獲利比率。營業費用包括研發費用、銷售費用、管理費用等。相較於毛利率，營業利益率更能反映公司本業的真實獲利能力。有些公司毛利率不錯，但花了大量的研發費用或銷售費用，導致營業利益率很低。看財報的時候，我很重視營業利益率，因為它告訴你公司本業到底賺不賺錢。如果一家公司靠業外收入讓淨利看起來不錯，但本業其實是在虧錢，那就要特別小心。
STOCK,STOCK-105,股市基礎・毛利率EPS ROE這三個最重要,稅後淨利,淨利,Net Income After Tax,easy,🌱,入門,💰,📊,✅,⚠️,扣除所有費用和稅負後的<b>最終獲利</b>,稅後淨利是公司最終賺到口袋的錢,營收,扣除所有,成本費用稅,,最後剩,稅後淨利,才是真正的獲利,業外損益影響淨利，要區分是否來自本業,稅後淨利是最後的結果・要看是否來自本業,稅後淨利就是公司扣掉所有的成本、費用和稅之後，最終賺到的錢。這個數字是損益表的最終結果，也是我們計算EPS的基礎。但稅後淨利不一定能完整代表公司的本業狀況，因為裡面包含了業外收益和業外損失。有時候公司本業表現普通，但賣掉了一塊土地或者有投資收益，讓稅後淨利突然變得很好看。這種情況不具持續性，投資時要仔細區分淨利的來源，本業獲利才是真正有意義的。
STOCK,STOCK-106,股市基礎・毛利率EPS ROE這三個最重要,EPS每股盈餘,EPS,Earnings Per Share,easy,🌱,入門,💰,🔢,📊,⚠️,稅後淨利除以<b>流通股數</b>的每股獲利金額,EPS是評估公司獲利能力最常用的指標,稅後淨利,一億元,,流通股數,一億股,EPS等於一元,股本膨脹會讓EPS下滑，不代表公司變差,EPS衡量每股賺多少・股本膨脹會稀釋,EPS就是每股盈餘，稅後淨利除以流通股數，告訴你公司每一股賺了多少錢。EPS是評估公司獲利能力最常用的指標，也是計算本益比的基礎。但要注意一個細節，就是股本膨脹會讓EPS被稀釋。公司如果一直配股或者辦理增資，流通股數增加，即使獲利維持不變，EPS也會因此下滑。所以看EPS要同時關注股本的變化，獲利有沒有跟上股本的增速，才能判斷公司的獲利品質是在提升還是在稀釋。
STOCK,STOCK-107,股市基礎・毛利率EPS ROE這三個最重要,ROE股東權益報酬率,ROE,Return on Equity,easy,🌱,入門,🏆,💰,📊,⚠️,稅後淨利除以<b>股東權益</b>的報酬率,ROE衡量公司運用股東資金創造獲利的效率,稅後淨利,一億元,,股東權益,十億元,ROE等於一成,ROE持續高於一成五是優質公司的重要特徵,ROE持續高代表公司有護城河・是選股重要指標,ROE是股東權益報酬率，計算方式是稅後淨利除以股東權益。這個指標衡量的是公司用股東的錢創造獲利的效率，是我最重視的財務指標之一。ROE持續高於一成五，通常被認為是優質公司的特徵，代表公司有某種競爭優勢，讓它能夠持續高效率地運用股東的資本。但ROE也可能因為高度借貸而被人為拉高，所以還要搭配負債比一起看。ROE連續多年維持高位，是我選股時很重要的篩選條件之一。
STOCK,STOCK-108,股市基礎・毛利率EPS ROE這三個最重要,ROA資產報酬率,ROA,Return on Assets,easy,🌱,入門,🏢,💰,📊,⚠️,稅後淨利除以<b>總資產</b>的報酬率,ROA衡量公司運用全部資產創造獲利的效率,稅後淨利,一億元,,總資產,二十億元,ROA等於五%,ROA比ROE更不受財務槓桿影響，更客觀,ROA衡量資產效率・比ROE更不受槓桿影響,ROA是資產報酬率，用稅後淨利除以公司的總資產。相較於ROE，ROA更能客觀反映公司運用所有資源創造獲利的效率，因為它不受財務槓桿的影響。一家公司可以透過大量借款把ROE拉高，但ROA就沒辦法這樣操弄。ROA高且穩定，代表公司資產運用效率好，是一個優質公司的特徵。在比較不同公司的獲利能力時，ROA和ROE搭配使用，可以讓你更全面地評估公司的真實財務表現。
